url,label
http://amazon-account-secure.account.ru/account,1
https://www.netflix.com/watch?v=abc123,0
https://www.netflix.com/watch?v=abc123,0
http://icicibank-signin-secure.portal.click/signin,1
http://www.netflixportal.tk/home,1
https://www.dropbox.com/secure/signin,0
http://goo.gl/icicibank271,1
http://www.netflix.com/watch?v=abc123,0
https://www.irctc.co.in/watch?v=abc123,0
http://netflix.com@malicious-server5.com/login,1
https://www.uttaranchaluniversity.ac.in/docs/api/v2,0
http://paypal-signin-secure.support.info/signin,1
http://netflix.com@malicious-server972.com/login,1
https://www.icicibank.com/products/laptop,0
http://goo.gl/hdfcbank204,1
https://www.linkedin.com/account/login,0
http://158.44.173.10/microsoft/secure.php,1
http://www.netflixservices.biz/home,1
https://www.github.com/en/wiki/Artificial_intelligence,0
https://www.nytimes.com/search?q=weather,0
https://www.irctc.co.in,0
http://microsoft-suspend-secure.support.ru/suspend,1
http://14.46.204.65/paypal/verify.php,1
http://paypal-update-secure.portal.top/update,1
https://www.netflix.com/blog/2026/07/release-notes,0
http://www.dropbox.com/account/login,0
http://www.microsoft1-secure.com/secure.html,1
http://www.hdfcb4nk-login.com/login.html,1
https://www.github.com/support/login-help,0
https://www.nytimes.com/account/verify-email,0
http://apple.com@malicious-server975.com/suspend,0
https://www.stackoverflow.com/watch?v=abc123,0
http://bit.ly/hdfcbank457,1
https://www.google.com/watch?v=abc123,0
https://www.hdfcbank.com/account/confirm-signup,0
http://166.210.241.19/amazon/signin.php,1
http://goo.gl/paypal778,1
http://goo.gl/hdfcbank801,1
http://182.240.40.11/netflix/suspend.php,1
http://www.dropbox.com/products/laptop,0
https://www.reddit.com/en/wiki/Artificial_intelligence,0
http://www.netflixonline.top/home,1
https://www.linkedin.com/user/settings,0
http://www.microsoftportal.top/home,1
https://www.netflix.com/careers/software-engineer,0
http://bit.ly/icicibank498,1
http://icicibank.com@malicious-server1.com/suspend,1
http://microsoft-secure-secure.portal.info/secure,1
https://www.spotify.com/en/wiki/Artificial_intelligence,0
https://www.irctc.co.in/account/verify-email,1
http://45.243.252.43/microsoft/suspend.php,1
http://www.hdfcb4nk-confirm.com/confirm.html,1
http://117.13.236.93/amazon/login.php,1
http://www.icicib4nk-signin.com/signin.html,1
http://bit.ly/hdfcbank126,1
http://paypal.com@malicious-server612.com/confirm,1
https://www.irctc.co.in,1
http://www.icicibankhub.info/home,1
https://www.nytimes.com/watch?v=abc123,0
https://www.google.com/account/verify-email,0
https://www.linkedin.com/products/laptop,0
http://www.apple.com/account/orders,0
http://www.hdfcb4nk-update.com/update.html,1
http://151.181.235.37/paypal/update.php,1
https://www.bbc.com/watch?v=abc123,0
http://www.icicibankservices.xyz/home,1
http://www.bbc.com/search?q=weather,0
http://t.co/icicibank193,0
http://netflix-confirm-secure.portal.click/confirm,1
http://www.bbc.com/search?q=weather,0
http://www.4pple-update.com/update.html,1
https://www.irctc.co.in/blog/2026/07/release-notes,0
https://www.reddit.com/user/settings,0
http://117.157.156.15/icicibank/verify.php,1
http://www.4pple-verify.com/verify.html,1
https://www.uttaranchaluniversity.ac.in/products/laptop,0
https://www.bbc.com/account/orders,0
http://www.4pple-secure.com/secure.html,1
http://netflix-account-secure.support.tk/account,1
http://56.11.237.16/paypal/account.php,1
http://www.bbc.com/blog/2026/07/release-notes,0
https://www.google.com/products/laptop,0
https://www.stackoverflow.com/en/wiki/Artificial_intelligence,0
https://www.nytimes.com/search?q=weather,0
http://www.p4ypal-account.com/account.html,1
https://www.wikipedia.org/search?q=weather,0
http://tinyurl.com/netflix685,1
http://www.appleservices.tk/home,1
http://87.153.253.158/hdfcbank/verify.php,1
http://95.41.66.198/icicibank/update.php,1
https://www.wikipedia.org/careers/software-engineer,0
https://www.linkedin.com/products/laptop,0
https://www.icicibank.com/en/wiki/Artificial_intelligence,0
https://www.reddit.com/docs/api/v2,0
http://www.paypalcenter.ru/home,1
http://tinyurl.com/icicibank957,1
https://www.nytimes.com/en/wiki/Artificial_intelligence,0
https://www.microsoft.com,0
http://www.appleservices.biz/home,1
https://www.icicibank.com/products/laptop,0
http://www.microsoft1-login.com/login.html,1
http://www.applehub.xyz/home,1
http://hdfcbank-signin-secure.support.biz/signin,1
https://www.apple.com/watch?v=abc123,1
https://www.github.com/en/wiki/Artificial_intelligence,0
https://www.icicibank.com/en/wiki/Artificial_intelligence,0
https://www.bbc.com/watch?v=abc123,0
http://www.netflix1-suspend.com/suspend.html,0
http://www.icicibank.com/search?q=weather,0
http://www.icicib4nk-update.com/update.html,1
https://www.hdfcbank.com/search?q=weather,0
https://www.bbc.com/watch?v=abc123,0
http://www.appleonline.info/home,1
https://www.irctc.co.in/account/confirm-signup,0
https://www.stackoverflow.com/account/orders,0
https://www.uttaranchaluniversity.ac.in/products/laptop,0
https://www.linkedin.com,0
https://www.adobe.com/account/orders,0
https://www.google.com/account/confirm-signup,0
http://icicibank.com@malicious-server749.com/verify,1
http://115.3.68.54/microsoft/confirm.php,1
http://goo.gl/microsoft223,1
http://netflix.com@malicious-server793.com/login,1
https://www.microsofthub.xyz/home,1
http://153.154.201.84/netflix/verify.php,1
http://hdfcbank.com@malicious-server771.com/update,1
https://www.bbc.com/account/verify-email,0
http://www.icicibankportal.ru/home,1
https://www.adobe.com/account/orders,0
https://www.reddit.com/user/update-profile,0
https://www.irctc.co.in/en/wiki/Artificial_intelligence,0
http://www.microsofthub.ru/home,1
https://www.netflix.com/en/wiki/Artificial_intelligence,0
http://www.amazon.com/search?q=weather,0
http://cutt.ly/netflix700,1
http://paypal-account-secure.portal.info/account,1
http://82.67.244.27/netflix/login.php,1
http://microsoft.com@malicious-server502.com/signin,1
https://www.spotify.com/support/login-help,0
https://www.netflix.com/user/settings,0
http://paypal.com@malicious-server673.com/secure,1
https://www.irctc.co.in/blog/2026/07/release-notes,0
http://goo.gl/netflix688,1
http://goo.gl/apple172,1
http://cutt.ly/paypal498,1
http://goo.gl/microsoft657,1
http://131.192.133.143/netflix/secure.php,1
http://amazon-suspend-secure.account.info/suspend,1
http://microsoft-signin-secure.account.info/signin,1
https://www.icicibank.com/careers/software-engineer,0
http://microsoft.com@malicious-server639.com/update,1
https://www.uttaranchaluniversity.ac.in/careers/software-engineer,0
http://www.amazonhub.ru/home,1
http://138.74.44.200/netflix/secure.php,1
https://www.uttaranchaluniversity.ac.in/docs/api/v2,0
http://188.96.244.4/hdfcbank/secure.php,1
https://www.dropbox.com/products/laptop,0
http://202.74.223.138/hdfcbank/verify.php,1
https://www.spotify.com/user/settings,0
https://www.uttaranchaluniversity.ac.in/blog/2026/07/release-notes,0
http://paypal-secure-secure.support.ru/secure,1
https://www.google.com/search?q=weather,0
https://www.amazon.com/blog/2026/07/release-notes,0
http://www.netflix1-account.com/account.html,1
http://www.netflix1-secure.com/secure.html,1
https://www.paypalservices.ru/home,1
http://cutt.ly/microsoft836,1
http://189.132.31.97/amazon/update.php,1
https://www.icicibank.com/account/confirm-signup,0
https://www.icicibank.com/products/laptop,0
http://www.p4ypal-verify.com/verify.html,1
http://134.221.233.130/paypal/secure.php,1
http://www.netflixcenter.click/home,1
https://www.github.com/support/login-help,0
http://www.icicib4nk-login.com/login.html,1
http://bit.ly/netflix445,1
http://paypal-signin-secure.portal.ru/signin,1
https://www.nytimes.com/account/orders,0
https://www.bbc.com/account/orders,0
https://www.dropbox.com/watch?v=abc123,0
https://www.nytimes.com/account/verify-email,0
https://www.google.com/search?q=weather,0
http://www.wikipedia.org/secure/signin,0
http://www.p4ypal-login.com/login.html,1
https://www.bbc.com/products/laptop,0
https://www.stackoverflow.com/user/update-profile,0
http://www.4pple-confirm.com/confirm.html,1
https://www.netflix.com/en/wiki/Artificial_intelligence,0
http://hdfcbank-suspend-secure.support.top/suspend,1
https://www.wikipedia.org/en/wiki/Artificial_intelligence,0
http://icicibank.com@malicious-server889.com/suspend,1
https://www.spotify.com/account/orders,1
http://amazon.com@malicious-server882.com/confirm,1
https://www.apple.com/search?q=weather,0
http://www.hdfcb4nk-signin.com/signin.html,1
https://www.bbc.com/user/settings,0
http://www.apple.com,0
https://www.wikipedia.org,0
http://206.61.143.111/apple/account.php,1
https://www.bbc.com/blog/2026/07/release-notes,0
http://goo.gl/microsoft374,0
https://www.dropbox.com/user/settings,0
https://www.irctc.co.in,0
https://www.wikipedia.org/docs/api/v2,0
http://242.64.185.161/netflix/account.php,1
http://bit.ly/paypal320,1
https://www.microsoftcenter.info/home,1
http://tinyurl.com/amazon584,1
https://www.microsoft.com,0
http://apple-verify-secure.account.click/verify,1
https://www.amazon.com/search?q=weather,0
https://www.irctc.co.in/user/update-profile,0
https://www.github.com/careers/software-engineer,0
http://t.co/paypal195,1
https://www.linkedin.com/docs/api/v2,0
http://www.paypalportal.info/home,1
https://www.wikipedia.org/search?q=weather,0
http://t.co/microsoft903,1
https://www.icicibank.com/user/update-profile,0
https://www.nytimes.com/account/login,0
http://www.microsoftportal.top/home,1
https://www.wikipedia.org/user/settings,0
https://www.github.com/account/orders,0
http://www.appleservices.info/home,1
http://77.243.75.117/microsoft/login.php,1
http://205.224.138.48/hdfcbank/verify.php,1
https://www.wikipedia.org/account/verify-email,0
https://www.dropbox.com/blog/2026/07/release-notes,0
http://amazon.com@malicious-server406.com/signin,1
http://amazon-suspend-secure.support.info/suspend,1
http://www.apple.com/careers/software-engineer,0
http://icicibank-update-secure.account.info/update,1
https://www.amazon.com/account/confirm-signup,0
https://www.icicibank.com/account/orders,0
https://www.hdfcbank.com/account/confirm-signup,0
https://www.wikipedia.org/account/orders,0
https://www.github.com/search?q=weather,0
http://www.appleservices.xyz/home,1
http://netflix-update-secure.support.tk/update,1
http://amazon.com@malicious-server844.com/secure,1
https://www.amazon.com/careers/software-engineer,0
http://180.222.34.64/netflix/update.php,1
http://goo.gl/hdfcbank209,1
https://www.bbc.com/secure/signin,0
http://www.icicibank.com/account/login,0
https://www.linkedin.com/account/orders,0
http://www.paypalonline.click/home,1
https://www.bbc.com/account/confirm-signup,0
http://microsoft-suspend-secure.account.biz/suspend,1
https://www.github.com/account/verify-email,0
https://www.hdfcbank.com/user/settings,0
http://222.163.150.149/icicibank/login.php,1
https://www.irctc.co.in/secure/signin,0
http://93.195.70.27/netflix/suspend.php,1
http://228.97.42.188/netflix/update.php,1
https://www.linkedin.com/watch?v=abc123,0
https://www.apple.com/user/settings,0
http://www.microsofthub.ru/home,1
https://www.linkedin.com/watch?v=abc123,0
https://www.amazonportal.top/home,1
http://122.234.34.166/microsoft/login.php,1
https://www.icicibank.com/account/confirm-signup,0
https://www.amazoncenter.biz/home,1
https://www.bbc.com/blog/2026/07/release-notes,0
http://hdfcbank.com@malicious-server364.com/signin,1
https://www.wikipedia.org/blog/2026/07/release-notes,0
https://www.irctc.co.in/products/laptop,0
http://netflix.com@malicious-server297.com/account,1
http://icicibank-confirm-secure.support.top/confirm,1
http://148.134.31.134/apple/login.php,1
http://www.netflix1-verify.com/verify.html,1
https://www.wikipedia.org/user/settings,1
https://www.apple.com/account/login,0
http://www.icicib4nk-verify.com/verify.html,1
http://www.4pple-account.com/account.html,1
http://apple.com@malicious-server811.com/signin,1
https://www.linkedin.com/support/login-help,0
https://www.stackoverflow.com/secure/signin,0
https://www.nytimes.com/search?q=weather,0
http://hdfcbank-suspend-secure.account.tk/suspend,0
http://180.230.96.118/amazon/signin.php,1
https://www.dropbox.com,0
https://www.linkedin.com/en/wiki/Artificial_intelligence,0
http://www.icicibank.com/docs/api/v2,0
https://www.github.com/watch?v=abc123,0
http://bit.ly/icicibank570,1
https://www.nytimes.com,0
http://paypal.com@malicious-server410.com/signin,1
https://www.uttaranchaluniversity.ac.in/account/login,0
https://www.adobe.com/account/orders,0
https://www.irctc.co.in/account/confirm-signup,0
http://www.paypalhub.biz/home,1
http://amazon-confirm-secure.support.xyz/confirm,1
http://netflix.com@malicious-server783.com/login,1
http://apple-verify-secure.account.top/verify,1
https://www.icicibank.com/user/update-profile,0
https://www.github.com/careers/software-engineer,0
http://icicibank.com@malicious-server541.com/verify,1
https://www.irctc.co.in/account/orders,0
https://www.netflix.com/docs/api/v2,0
https://www.linkedin.com/secure/signin,0
https://www.applehub.tk/home,1
https://www.apple.com/user/settings,0
https://www.apple.com/account/login,0
http://amazon-verify-secure.portal.xyz/verify,1
https://www.apple.com/user/settings,0
https://www.icicibankservices.top/home,1
http://netflix.com@malicious-server352.com/account,1
https://www.dropbox.com/account/login,0
https://www.reddit.com/support/login-help,0
http://cutt.ly/hdfcbank885,1
http://bit.ly/icicibank609,1
https://www.apple.com/products/laptop,0
http://www.icicibankonline.biz/home,1
https://www.bbc.com/docs/api/v2,0
https://www.microsoft.com/account/orders,0
http://bit.ly/paypal491,1
https://www.hdfcbankhub.click/home,1
https://www.icicibank.com/careers/software-engineer,0
http://cutt.ly/amazon664,1
https://www.apple.com/search?q=weather,0
https://www.linkedin.com/docs/api/v2,0
http://www.hdfcb4nk-account.com/account.html,1
http://icicibank.com@malicious-server133.com/verify,1
http://t.co/amazon719,1
https://www.github.com/account/verify-email,0
http://icicibank-verify-secure.portal.click/verify,1
http://www.icicibank.com/watch?v=abc123,0
https://www.dropbox.com/account/verify-email,0
https://www.github.com/products/laptop,0
http://apple-account-secure.account.xyz/account,1
https://www.stackoverflow.com/support/login-help,0
http://www.p4ypal-update.com/update.html,1
http://www.paypalcenter.top/home,1
https://www.wikipedia.org/account/orders,0
http://bit.ly/netflix661,1
https://www.hdfcbank.com/en/wiki/Artificial_intelligence,0
http://microsoft.com@malicious-server130.com/secure,1
http://www.spotify.com/products/laptop,0
http://amazon.com@malicious-server527.com/verify,1
http://www.paypalcenter.xyz/home,1
https://www.bbc.com/user/settings,0
https://www.hdfcbankonline.tk/home,1
https://www.irctc.co.in/careers/software-engineer,0
http://icicibank.com@malicious-server589.com/signin,1
https://www.wikipedia.org/search?q=weather,0
http://icicibank-update-secure.portal.tk/update,1
https://www.hdfcbank.com/docs/api/v2,0
https://www.linkedin.com/products/laptop,1
http://www.4pple-secure.com/secure.html,1
http://139.186.73.7/icicibank/account.php,1
https://www.bbc.com/account/orders,0
http://hdfcbank-confirm-secure.account.ru/confirm,1
https://www.github.com/blog/2026/07/release-notes,0
https://www.spotify.com/watch?v=abc123,0
https://www.stackoverflow.com/user/settings,0
http://www.4mazon-verify.com/verify.html,1
https://www.irctc.co.in/watch?v=abc123,0
http://www.hdfcbankonline.biz/home,1
https://www.linkedin.com/search?q=weather,0
http://www.hdfcbankportal.top/home,1
https://www.wikipedia.org/secure/signin,0
http://netflix-secure-secure.account.click/secure,1
https://www.wikipedia.org/support/login-help,0
https://www.netflix.com/support/login-help,1
https://www.netflixhub.xyz/home,1
https://www.applehub.tk/home,1
http://microsoft.com@malicious-server941.com/signin,1
http://www.applecenter.top/home,1
http://www.netflixportal.click/home,1
http://www.microsoft1-account.com/account.html,1
http://cutt.ly/microsoft803,1
https://www.amazon.com/account/login,0
https://www.amazon.com/en/wiki/Artificial_intelligence,0
http://netflix-confirm-secure.support.tk/confirm,1
https://www.amazon.com/en/wiki/Artificial_intelligence,0
http://amazon.com@malicious-server604.com/login,1
http://microsoft-verify-secure.account.ru/verify,1
https://www.adobe.com/account/orders,0
https://www.dropbox.com/docs/api/v2,0
https://www.microsoft.com/careers/software-engineer,0
https://www.netflix.com/support/login-help,0
http://www.netflix1-signin.com/signin.html,1
https://www.microsoft.com,0
http://bit.ly/netflix261,0
http://www.microsoft1-login.com/login.html,1
http://microsoft-secure-secure.support.click/secure,1
http://cutt.ly/apple376,1
https://www.uttaranchaluniversity.ac.in/careers/software-engineer,0
http://www.4mazon-signin.com/signin.html,1
http://www.hdfcb4nk-login.com/login.html,1
http://paypal.com@malicious-server6.com/login,1
https://www.applecenter.xyz/home,1
https://www.stackoverflow.com/watch?v=abc123,0
https://www.netflixcenter.xyz/home,1
http://www.microsoftportal.top/home,1
https://www.microsoft.com/watch?v=abc123,0
https://www.netflix.com/watch?v=abc123,0
http://www.hdfcb4nk-verify.com/verify.html,1
http://microsoft.com@malicious-server645.com/signin,1
https://www.microsoft.com/search?q=weather,0
https://www.spotify.com/account/orders,0
https://www.linkedin.com/search?q=weather,0
https://www.icicibankcenter.top/home,1
https://www.microsoft.com/products/laptop,0
http://netflix-secure-secure.portal.tk/secure,1
http://goo.gl/paypal497,1
https://www.spotify.com/account/confirm-signup,0
https://www.spotify.com/en/wiki/Artificial_intelligence,0
http://t.co/microsoft873,1
https://www.hdfcbank.com/watch?v=abc123,0
http://173.128.36.163/microsoft/signin.php,1
http://microsoft-suspend-secure.account.biz/suspend,1
https://www.reddit.com/account/orders,0
https://www.uttaranchaluniversity.ac.in/account/login,0
https://www.linkedin.com,0
http://204.195.57.75/hdfcbank/login.php,1
https://www.wikipedia.org/en/wiki/Artificial_intelligence,0
http://www.hdfcbank.com,0
http://netflix-suspend-secure.account.info/suspend,1
http://icicibank.com@malicious-server334.com/verify,1
http://apple.com@malicious-server359.com/verify,0
https://www.paypalservices.xyz/home,1
https://www.amazon.com/blog/2026/07/release-notes,1
http://www.microsoft1-update.com/update.html,1
http://www.netflix1-update.com/update.html,0
https://www.paypalservices.tk/home,1
https://www.hdfcbankcenter.ru/home,1
https://www.microsoft.com/user/settings,0
https://www.linkedin.com/blog/2026/07/release-notes,0
https://www.stackoverflow.com/docs/api/v2,0
https://www.linkedin.com/careers/software-engineer,0
https://www.appleservices.biz/home,0
http://tinyurl.com/paypal428,1
http://goo.gl/netflix237,1
http://www.nytimes.com/watch?v=abc123,0
http://www.netflix1-signin.com/signin.html,1
https://www.github.com/user/settings,0
https://www.github.com/user/settings,0
https://www.microsoft.com/watch?v=abc123,0
http://www.amazonportal.click/home,1
https://www.bbc.com/blog/2026/07/release-notes,1
http://bit.ly/amazon304,1
http://www.p4ypal-account.com/account.html,1
https://www.nytimes.com,0
http://www.hdfcbankcenter.xyz/home,1
https://www.bbc.com/secure/signin,0
http://www.spotify.com/products/laptop,0
http://www.4mazon-suspend.com/suspend.html,1
http://246.19.96.181/microsoft/confirm.php,1
http://icicibank-account-secure.portal.click/account,1
http://www.microsoft1-signin.com/signin.html,1
https://www.dropbox.com/search?q=weather,0
http://goo.gl/paypal818,1
https://www.linkedin.com/watch?v=abc123,0
https://www.spotify.com/watch?v=abc123,0
https://www.uttaranchaluniversity.ac.in/watch?v=abc123,0
http://cutt.ly/microsoft878,1
http://hdfcbank.com@malicious-server710.com/account,1
http://amazon.com@malicious-server857.com/secure,1
http://200.241.177.7/amazon/account.php,1
http://www.4mazon-signin.com/signin.html,1
https://www.nytimes.com,0
http://bit.ly/microsoft977,1
http://apple-account-secure.account.xyz/account,1
https://www.amazon.com/careers/software-engineer,0
http://34.100.221.215/netflix/confirm.php,1
http://hdfcbank.com@malicious-server889.com/verify,1
https://www.bbc.com/user/update-profile,0
http://www.icicibankportal.click/home,1
http://200.198.150.28/amazon/update.php,1
http://apple.com@malicious-server388.com/update,1
https://www.amazon.com/account/orders,0
http://paypal.com@malicious-server663.com/secure,1
https://www.irctc.co.in/account/orders,0
http://177.206.81.105/icicibank/secure.php,1
https://www.github.com/blog/2026/07/release-notes,0
https://www.linkedin.com/support/login-help,0
http://amazon.com@malicious-server340.com/confirm,1
http://210.31.253.221/paypal/confirm.php,1
https://www.uttaranchaluniversity.ac.in/account/login,0
https://www.adobe.com/watch?v=abc123,0
https://www.nytimes.com/blog/2026/07/release-notes,0
https://www.icicibank.com/support/login-help,0
http://www.4pple-suspend.com/suspend.html,1
http://goo.gl/amazon715,1
http://www.icicib4nk-confirm.com/confirm.html,1
https://www.wikipedia.org/watch?v=abc123,0
http://www.amazonservices.xyz/home,1
http://www.amazononline.xyz/home,1
https://www.wikipedia.org/search?q=weather,0
https://www.github.com/products/laptop,0
http://252.82.43.163/amazon/confirm.php,1
https://www.nytimes.com/account/verify-email,0
https://www.github.com/watch?v=abc123,0
http://apple.com@malicious-server849.com/confirm,1
https://www.dropbox.com/account/verify-email,0
https://www.adobe.com/blog/2026/07/release-notes,0
http://www.google.com/user/settings,0
https://www.dropbox.com/account/confirm-signup,0
http://microsoft.com@malicious-server825.com/secure,1
http://paypal.com@malicious-server4.com/confirm,1
http://www.4mazon-account.com/account.html,1
http://228.131.144.53/microsoft/account.php,1
https://www.adobe.com/watch?v=abc123,0
https://www.microsoft.com/support/login-help,0
https://www.wikipedia.org/products/laptop,0
https://www.reddit.com/blog/2026/07/release-notes,1
http://cutt.ly/microsoft594,1
https://www.stackoverflow.com/search?q=weather,0
http://tinyurl.com/hdfcbank423,1
http://icicibank-update-secure.support.top/update,1
http://69.199.140.211/hdfcbank/verify.php,1
https://www.netflix.com/user/settings,0
https://www.adobe.com/account/orders,0
https://www.bbc.com/secure/signin,0
https://www.spotify.com,0
http://99.36.108.52/paypal/account.php,1
https://www.apple.com/search?q=weather,0
http://www.4pple-secure.com/secure.html,1
http://222.176.109.214/amazon/secure.php,1
https://www.microsoft.com/docs/api/v2,0
https://www.linkedin.com/account/verify-email,0
https://www.uttaranchaluniversity.ac.in/docs/api/v2,0
http://www.hdfcb4nk-verify.com/verify.html,1
https://www.amazon.com/user/update-profile,0
https://www.linkedin.com/user/settings,0
https://www.uttaranchaluniversity.ac.in/careers/software-engineer,0
https://www.apple.com/support/login-help,0
https://www.bbc.com/watch?v=abc123,0
https://www.wikipedia.org/user/update-profile,0
https://www.hdfcbankservices.xyz/home,1
http://t.co/hdfcbank187,1
https://www.adobe.com/support/login-help,0
http://www.icicib4nk-suspend.com/suspend.html,1
https://www.irctc.co.in,0
http://www.p4ypal-account.com/account.html,1
https://www.linkedin.com/products/laptop,0
http://t.co/netflix354,1
http://www.icicibankportal.biz/home,1
http://icicibank-secure-secure.portal.tk/secure,1
https://www.github.com/blog/2026/07/release-notes,0
https://www.microsoft.com,0
https://www.microsoft.com/account/orders,0
http://135.57.245.48/microsoft/confirm.php,1
http://paypal-update-secure.support.click/update,1
http://www.bbc.com/careers/software-engineer,0
https://www.hdfcbank.com/account/orders,0
http://59.190.131.1/hdfcbank/verify.php,1
http://www.p4ypal-update.com/update.html,1
https://www.amazon.com/blog/2026/07/release-notes,0
http://icicibank-verify-secure.portal.xyz/verify,1
http://www.apple.com/blog/2026/07/release-notes,0
http://netflix.com@malicious-server931.com/secure,1
http://www.appleonline.info/home,1
https://www.google.com/search?q=weather,0
https://www.wikipedia.org/careers/software-engineer,1
http://microsoft-verify-secure.account.click/verify,1
http://55.234.211.105/amazon/suspend.php,1
https://www.uttaranchaluniversity.ac.in/watch?v=abc123,1
http://www.netflix1-secure.com/secure.html,1
https://www.spotify.com/account/orders,0
https://www.google.com,0
http://hdfcbank-login-secure.portal.tk/login,1
http://bit.ly/amazon666,1
https://www.github.com/account/login,0
http://www.hdfcb4nk-verify.com/verify.html,1
http://www.adobe.com/products/laptop,0
https://www.google.com/watch?v=abc123,0
https://www.google.com/user/update-profile,0
http://188.108.249.43/icicibank/suspend.php,1
http://hdfcbank.com@malicious-server798.com/signin,1
https://www.github.com/search?q=weather,0
http://www.amazononline.top/home,1
https://www.hdfcbank.com/support/login-help,0
https://www.amazon.com/support/login-help,0
http://t.co/icicibank659,1
https://www.irctc.co.in/account/orders,0
http://netflix-update-secure.portal.ru/update,1
http://tinyurl.com/netflix690,1
http://icicibank-verify-secure.portal.click/verify,1
http://amazon.com@malicious-server268.com/account,1
https://www.icicibank.com,0
http://paypal.com@malicious-server727.com/account,1
http://hdfcbank-account-secure.portal.ru/account,1
https://www.reddit.com,0
http://www.netflix1-suspend.com/suspend.html,1
https://www.microsoft.com/user/settings,0
http://www.reddit.com/secure/signin,0
https://www.uttaranchaluniversity.ac.in/blog/2026/07/release-notes,0
https://www.dropbox.com/search?q=weather,0
http://www.microsoft1-update.com/update.html,1
https://www.irctc.co.in/search?q=weather,0
https://www.stackoverflow.com/user/settings,0
http://hdfcbank.com@malicious-server230.com/login,1
https://www.wikipedia.org/careers/software-engineer,0
http://microsoft-account-secure.portal.xyz/account,1
http://www.netflix1-account.com/account.html,1
https://www.linkedin.com/account/login,0
http://amazon.com@malicious-server661.com/account,1
http://netflix.com@malicious-server245.com/verify,1
https://www.microsoft.com/en/wiki/Artificial_intelligence,0
http://icicibank-secure-secure.account.tk/secure,1
https://www.dropbox.com/secure/signin,0
https://www.icicibank.com/account/login,0
http://www.icicibank.com/en/wiki/Artificial_intelligence,0
http://microsoft.com@malicious-server212.com/account,1
https://www.uttaranchaluniversity.ac.in/support/login-help,0
https://www.microsoft.com/account/verify-email,0
https://www.icicibank.com/watch?v=abc123,0
https://www.hdfcbank.com/search?q=weather,0
http://apple-login-secure.portal.click/login,1
http://icicibank-account-secure.support.tk/account,1
http://www.4pple-account.com/account.html,1
http://www.amazon.com/blog/2026/07/release-notes,0
http://hdfcbank-signin-secure.account.top/signin,1
https://www.uttaranchaluniversity.ac.in/docs/api/v2,0
http://125.116.85.158/amazon/confirm.php,1
http://apple-confirm-secure.account.ru/confirm,1
http://apple-secure-secure.portal.ru/secure,1
http://169.171.91.43/microsoft/secure.php,0
http://174.245.170.127/paypal/verify.php,1
http://cutt.ly/paypal766,1
https://www.spotify.com/blog/2026/07/release-notes,0
http://www.dropbox.com/careers/software-engineer,0
https://www.github.com/search?q=weather,0
http://www.icicibankhub.info/home,1
http://www.hdfcb4nk-verify.com/verify.html,1
https://www.nytimes.com/docs/api/v2,0
https://www.bbc.com/blog/2026/07/release-notes,0
https://www.bbc.com/support/login-help,0
http://www.uttaranchaluniversity.ac.in/watch?v=abc123,0
http://bit.ly/icicibank748,1
http://www.hdfcbank.com/en/wiki/Artificial_intelligence,0
http://www.hdfcb4nk-signin.com/signin.html,1
https://www.wikipedia.org/products/laptop,0
http://www.p4ypal-suspend.com/suspend.html,1
http://www.hdfcbankservices.biz/home,1
http://paypal-confirm-secure.account.top/confirm,1
http://www.spotify.com/docs/api/v2,0
https://www.hdfcbank.com/account/orders,0
https://www.google.com/careers/software-engineer,0
https://www.wikipedia.org/watch?v=abc123,0
http://paypal.com@malicious-server490.com/signin,1
http://hdfcbank-login-secure.portal.tk/login,1
http://netflix-update-secure.support.info/update,1
http://32.4.16.213/microsoft/update.php,1
http://www.4mazon-signin.com/signin.html,1
https://www.linkedin.com/products/laptop,0
https://www.adobe.com/watch?v=abc123,0
https://www.nytimes.com/support/login-help,0
http://hdfcbank.com@malicious-server643.com/account,1
http://microsoft-signin-secure.portal.top/signin,1
https://www.adobe.com/support/login-help,0
https://www.wikipedia.org/support/login-help,0
http://www.icicib4nk-confirm.com/confirm.html,1
https://www.irctc.co.in/account/orders,0
http://paypal.com@malicious-server144.com/verify,1
https://www.stackoverflow.com/products/laptop,0
http://bit.ly/apple235,1
https://www.reddit.com/user/settings,0
http://netflix-suspend-secure.account.top/suspend,1
https://www.dropbox.com/account/orders,0
http://t.co/amazon262,1
https://www.adobe.com/products/laptop,0
http://www.p4ypal-login.com/login.html,1
https://www.github.com/account/orders,0
http://www.p4ypal-confirm.com/confirm.html,1
https://www.spotify.com/products/laptop,0
https://www.microsoft.com,0
http://www.appleonline.info/home,1
http://netflix.com@malicious-server768.com/update,1
https://www.bbc.com/careers/software-engineer,0
https://www.microsoft.com/blog/2026/07/release-notes,0
https://www.wikipedia.org/user/settings,0
https://www.google.com/docs/api/v2,0
https://www.linkedin.com/user/update-profile,0
http://www.netflix.com/blog/2026/07/release-notes,0
https://www.wikipedia.org/products/laptop,1
https://www.wikipedia.org/account/orders,0
http://46.58.206.133/hdfcbank/login.php,1
https://www.github.com,0
http://goo.gl/netflix376,1
https://www.stackoverflow.com/user/settings,0
http://tinyurl.com/netflix521,1
https://www.amazon.com/docs/api/v2,0
https://www.adobe.com/account/verify-email,0
https://www.adobe.com,0
https://www.adobe.com/docs/api/v2,0
http://bit.ly/hdfcbank276,1
https://www.bbc.com/watch?v=abc123,0
https://www.icicibankportal.biz/home,1
https://www.reddit.com/blog/2026/07/release-notes,0
https://www.dropbox.com/en/wiki/Artificial_intelligence,0
https://www.amazon.com/user/update-profile,0
https://www.nytimes.com/products/laptop,0
http://www.netflix.com/docs/api/v2,0
http://www.microsoftcenter.ru/home,1
https://www.dropbox.com/watch?v=abc123,0
https://www.wikipedia.org/account/orders,0
https://www.google.com/watch?v=abc123,0
http://goo.gl/netflix890,1
http://icicibank-verify-secure.portal.info/verify,1
https://www.reddit.com/search?q=weather,0
http://paypal.com@malicious-server442.com/update,1
https://www.appleservices.biz/home,1
https://www.adobe.com/secure/signin,0
https://www.uttaranchaluniversity.ac.in/en/wiki/Artificial_intelligence,0
http://www.p4ypal-secure.com/secure.html,1
http://hdfcbank.com@malicious-server270.com/secure,1
http://www.paypalhub.ru/home,1
http://www.hdfcbankservices.click/home,1
https://www.linkedin.com/secure/signin,0
https://www.amazon.com/secure/signin,0
https://www.adobe.com/secure/signin,0
http://www.4pple-update.com/update.html,1
http://apple-update-secure.account.info/update,1
http://www.4pple-update.com/update.html,1
http://www.hdfcb4nk-login.com/login.html,1
http://paypal-account-secure.support.tk/account,1
https://www.icicibank.com,0
http://6.135.123.1/amazon/secure.php,1
http://www.hdfcb4nk-verify.com/verify.html,1
http://63.12.121.94/microsoft/login.php,1
http://www.amazoncenter.top/home,1
https://www.icicibank.com/products/laptop,0
https://www.spotify.com/products/laptop,0
http://paypal.com@malicious-server126.com/confirm,1
http://goo.gl/apple769,1
https://www.stackoverflow.com/docs/api/v2,0
http://www.icicibank.com/account/orders,0
https://www.uttaranchaluniversity.ac.in/account/orders,0
http://233.29.214.147/paypal/verify.php,1
https://www.linkedin.com/support/login-help,0
http://225.120.222.73/icicibank/verify.php,1
http://apple-secure-secure.portal.info/secure,1
https://www.appleonline.ru/home,1
https://www.linkedin.com/blog/2026/07/release-notes,0
https://www.spotify.com/careers/software-engineer,1
http://icicibank-update-secure.portal.biz/update,1
https://www.nytimes.com/search?q=weather,0
https://www.dropbox.com/search?q=weather,0
https://www.hdfcbank.com/en/wiki/Artificial_intelligence,0
http://215.150.124.237/hdfcbank/signin.php,1
https://www.amazon.com/support/login-help,0
https://www.wikipedia.org/secure/signin,0
https://www.stackoverflow.com/account/orders,0
http://microsoft-login-secure.account.biz/login,1
https://www.linkedin.com/account/verify-email,0
http://www.hdfcb4nk-update.com/update.html,1
http://www.google.com/account/verify-email,0
https://www.nytimes.com/user/settings,0
https://www.amazon.com/en/wiki/Artificial_intelligence,0
http://www.amazon.com/en/wiki/Artificial_intelligence,0
http://apple-login-secure.account.info/login,1
https://www.adobe.com/account/verify-email,0
http://www.icicibankonline.info/home,1
http://bit.ly/netflix648,1
https://www.bbc.com/en/wiki/Artificial_intelligence,0
https://www.github.com/docs/api/v2,0
http://www.bbc.com/en/wiki/Artificial_intelligence,0
https://www.github.com/en/wiki/Artificial_intelligence,0
https://www.dropbox.com/secure/signin,0
https://www.icicibank.com/en/wiki/Artificial_intelligence,0
https://www.microsoftonline.top/home,1
http://microsoft.com@malicious-server368.com/login,1
https://www.reddit.com/search?q=weather,0
https://www.apple.com/account/orders,0
http://apple-update-secure.support.tk/update,1
http://icicibank-suspend-secure.account.biz/suspend,1
http://98.235.204.242/apple/confirm.php,1
https://www.hdfcbank.com/en/wiki/Artificial_intelligence,0
https://www.uttaranchaluniversity.ac.in,0
https://www.spotify.com/account/verify-email,0
https://www.icicibank.com/blog/2026/07/release-notes,0
http://www.hdfcbankcenter.click/home,1
http://44.237.147.111/icicibank/login.php,1
http://www.netflix1-signin.com/signin.html,1
http://www.stackoverflow.com/careers/software-engineer,0
https://www.spotify.com/blog/2026/07/release-notes,0
https://www.amazon.com/en/wiki/Artificial_intelligence,0
https://www.adobe.com,0
http://t.co/netflix595,1
http://amazon.com@malicious-server617.com/signin,1
http://bit.ly/apple350,0
https://www.irctc.co.in/account/verify-email,0
http://www.hdfcbankportal.top/home,0
https://www.amazonservices.click/home,1
http://www.bbc.com/en/wiki/Artificial_intelligence,0
http://microsoft-update-secure.portal.top/update,1
https://www.dropbox.com/docs/api/v2,0
https://www.netflixcenter.info/home,1
https://www.adobe.com/en/wiki/Artificial_intelligence,0
https://www.wikipedia.org/docs/api/v2,0
https://www.reddit.com/products/laptop,0
https://www.amazoncenter.top/home,1
https://www.icicibank.com/docs/api/v2,0
http://www.icicib4nk-signin.com/signin.html,1
http://www.amazoncenter.click/home,0
https://www.hdfcbank.com/account/confirm-signup,0
https://www.dropbox.com/search?q=weather,0
https://www.apple.com/blog/2026/07/release-notes,0
https://www.stackoverflow.com/support/login-help,0
http://www.4mazon-login.com/login.html,1
http://128.35.229.218/amazon/signin.php,1
http://115.62.232.165/apple/confirm.php,1
https://www.adobe.com/account/orders,0
http://cutt.ly/hdfcbank623,1
http://tinyurl.com/microsoft170,1
http://amazon-account-secure.portal.click/account,1
http://137.72.153.138/hdfcbank/confirm.php,0
http://goo.gl/apple454,1
https://www.dropbox.com/products/laptop,0
http://58.178.225.89/apple/secure.php,1
http://cutt.ly/icicibank825,1
https://www.google.com/en/wiki/Artificial_intelligence,0
http://amazon.com@malicious-server955.com/login,1
http://128.51.156.52/microsoft/verify.php,1
http://www.4pple-update.com/update.html,1
http://bit.ly/microsoft310,1
http://cutt.ly/microsoft162,1
https://www.appleservices.info/home,1
http://www.hdfcbankonline.biz/home,1
http://www.4mazon-login.com/login.html,1
http://www.appleonline.tk/home,1
http://www.4mazon-signin.com/signin.html,1
http://www.icicibankonline.top/home,1
http://83.62.85.249/microsoft/suspend.php,1
http://microsoft.com@malicious-server301.com/update,1
https://www.wikipedia.org/blog/2026/07/release-notes,0
https://www.microsoft.com/en/wiki/Artificial_intelligence,0
https://www.bbc.com/careers/software-engineer,0
http://icicibank-verify-secure.portal.top/verify,1
https://www.wikipedia.org/blog/2026/07/release-notes,0
https://www.dropbox.com/blog/2026/07/release-notes,0
https://www.microsoft.com/account/confirm-signup,0
https://www.irctc.co.in/products/laptop,0
https://www.stackoverflow.com/user/settings,0
http://paypal.com@malicious-server531.com/secure,1
http://www.hdfcb4nk-verify.com/verify.html,1
http://t.co/amazon936,1
https://www.dropbox.com/account/orders,0
https://www.dropbox.com/docs/api/v2,0
https://www.amazon.com/careers/software-engineer,0
http://apple-suspend-secure.account.biz/suspend,1
http://amazon-account-secure.portal.xyz/account,1
https://www.spotify.com/careers/software-engineer,0
http://90.247.110.81/hdfcbank/signin.php,1
http://www.microsoft1-login.com/login.html,1
https://www.github.com/account/orders,0
http://147.141.216.126/paypal/signin.php,1
https://www.netflix.com/user/settings,0
http://75.145.201.78/netflix/secure.php,1
http://www.microsoft1-confirm.com/confirm.html,1
https://www.apple.com,0
https://www.icicibank.com/user/update-profile,0
http://www.paypalcenter.tk/home,1
http://www.microsoft1-confirm.com/confirm.html,1
http://t.co/amazon340,1
https://www.amazon.com/account/verify-email,0
http://www.paypalcenter.ru/home,1
https://www.uttaranchaluniversity.ac.in/en/wiki/Artificial_intelligence,0
http://hdfcbank.com@malicious-server429.com/signin,1
https://www.icicibank.com/user/update-profile,0
https://www.github.com/careers/software-engineer,0
https://www.irctc.co.in/blog/2026/07/release-notes,0
http://bit.ly/microsoft701,1
http://147.134.44.176/apple/secure.php,1
http://www.4mazon-suspend.com/suspend.html,1
https://www.hdfcbankhub.click/home,1
https://www.github.com/blog/2026/07/release-notes,0
https://www.uttaranchaluniversity.ac.in/user/settings,0
http://hdfcbank.com@malicious-server694.com/signin,1
http://apple.com@malicious-server111.com/confirm,1
http://www.netflixonline.click/home,1
http://www.hdfcbankcenter.xyz/home,1
http://www.amazononline.top/home,1
http://cutt.ly/amazon810,1
https://www.reddit.com,0
http://129.147.231.133/icicibank/login.php,1
http://www.icicib4nk-suspend.com/suspend.html,1
https://www.amazon.com/docs/api/v2,0
http://www.icicib4nk-verify.com/verify.html,1
http://paypal.com@malicious-server379.com/account,1
https://www.hdfcbank.com/careers/software-engineer,0
http://143.68.34.42/icicibank/account.php,1
http://36.211.184.191/amazon/suspend.php,1
https://www.github.com/blog/2026/07/release-notes,0
https://www.stackoverflow.com/products/laptop,0
http://www.amazon.com/account/confirm-signup,0
https://www.google.com/user/settings,0
http://goo.gl/hdfcbank406,1
https://www.linkedin.com/user/update-profile,0
http://www.hdfcbankportal.ru/home,1
http://icicibank-confirm-secure.support.top/confirm,1
https://www.adobe.com/user/settings,0
https://www.stackoverflow.com/user/update-profile,0
https://www.linkedin.com/products/laptop,0
https://www.linkedin.com/blog/2026/07/release-notes,0
http://27.181.248.134/apple/confirm.php,1
https://www.spotify.com,0
http://www.amazon.com/careers/software-engineer,0
https://www.google.com/account/login,0
http://t.co/netflix550,1
http://goo.gl/paypal568,1
https://www.adobe.com/search?q=weather,0
http://bit.ly/hdfcbank573,1
https://www.icicibankhub.ru/home,1
http://178.240.225.95/icicibank/account.php,1
https://www.spotify.com,0
http://3.219.36.170/paypal/login.php,1
https://www.spotify.com,0
http://hdfcbank.com@malicious-server161.com/signin,1
http://hdfcbank-login-secure.account.ru/login,1
https://www.amazoncenter.click/home,1
http://www.netflixservices.biz/home,1
http://www.hdfcb4nk-secure.com/secure.html,1
https://www.dropbox.com/secure/signin,0
https://www.spotify.com/en/wiki/Artificial_intelligence,0
http://www.icicibankcenter.click/home,1
http://amazon-verify-secure.portal.click/verify,1
https://www.uttaranchaluniversity.ac.in/en/wiki/Artificial_intelligence,0
http://www.icicibankportal.tk/home,1
http://88.243.30.206/hdfcbank/account.php,1
https://www.amazon.com/docs/api/v2,0
http://cutt.ly/icicibank115,1
https://www.apple.com/account/confirm-signup,0
http://128.117.131.93/netflix/verify.php,1
https://www.github.com/en/wiki/Artificial_intelligence,0
http://www.microsoft1-suspend.com/suspend.html,1
https://www.icicibankcenter.info/home,1
http://netflix.com@malicious-server457.com/account,1
http://95.21.156.10/netflix/secure.php,1
https://www.dropbox.com/user/update-profile,0
https://www.netflix.com/products/laptop,0
http://www.bbc.com/account/verify-email,0
https://www.icicibank.com/watch?v=abc123,0
http://53.250.49.105/paypal/confirm.php,1
https://www.adobe.com/search?q=weather,0
http://www.nytimes.com/search?q=weather,0
http://amazon-login-secure.support.ru/login,1
https://www.reddit.com/account/confirm-signup,0
https://www.nytimes.com/search?q=weather,0
http://paypal.com@malicious-server635.com/account,1
https://www.hdfcbank.com/account/orders,0
http://paypal-update-secure.portal.click/update,1
http://tinyurl.com/paypal844,1
http://www.icicib4nk-confirm.com/confirm.html,1
http://hdfcbank-login-secure.portal.xyz/login,1
http://microsoft.com@malicious-server878.com/secure,1
http://www.netflix.com/watch?v=abc123,0
https://www.hdfcbank.com,0
http://amazon-login-secure.account.xyz/login,1
https://www.bbc.com/watch?v=abc123,1
https://www.bbc.com/account/login,0
http://netflix.com@malicious-server530.com/update,1
https://www.amazon.com/support/login-help,0
http://www.bbc.com/careers/software-engineer,0
https://www.icicibank.com/account/verify-email,0
https://www.uttaranchaluniversity.ac.in/account/verify-email,0
http://20.34.152.58/amazon/suspend.php,1
https://www.irctc.co.in/user/update-profile,1
https://www.netflix.com/en/wiki/Artificial_intelligence,0
https://www.nytimes.com/account/orders,0
https://www.google.com/account/orders,0
http://www.4pple-suspend.com/suspend.html,1
https://www.adobe.com/careers/software-engineer,0
https://www.icicibank.com/account/confirm-signup,0
http://amazon.com@malicious-server351.com/secure,1
http://icicibank.com@malicious-server407.com/verify,1
https://www.spotify.com,0
http://microsoft.com@malicious-server550.com/update,1
https://www.icicibank.com/account/orders,0
http://59.241.206.124/apple/signin.php,1
http://www.4mazon-suspend.com/suspend.html,1
https://www.icicibankservices.biz/home,1
https://www.nytimes.com/user/settings,0
http://microsoft-signin-secure.portal.top/signin,1
https://www.nytimes.com/docs/api/v2,0
https://www.netflixcenter.xyz/home,1
http://www.netflix1-secure.com/secure.html,1
https://www.bbc.com,0
http://icicibank.com@malicious-server136.com/signin,1
http://www.hdfcbankportal.click/home,1
http://amazon.com@malicious-server607.com/secure,1
https://www.netflix.com/en/wiki/Artificial_intelligence,0
http://microsoft.com@malicious-server642.com/login,1
https://www.nytimes.com/search?q=weather,0
https://www.linkedin.com/account/confirm-signup,0
https://www.microsoft.com/search?q=weather,0
https://www.hdfcbank.com/blog/2026/07/release-notes,0
http://www.microsoft1-account.com/account.html,1
https://www.google.com/account/login,0
http://95.226.77.36/paypal/confirm.php,1
https://www.irctc.co.in/user/settings,0
http://116.152.110.100/apple/secure.php,1
https://www.uttaranchaluniversity.ac.in/account/verify-email,0
https://www.hdfcbankhub.ru/home,1
https://www.nytimes.com/account/login,0
http://www.icicibankcenter.tk/home,1
http://paypal.com@malicious-server461.com/update,1
http://www.amazonhub.click/home,1
https://www.icicibankservices.info/home,1
https://www.adobe.com,0
http://netflix-update-secure.support.click/update,1
http://www.icicib4nk-secure.com/secure.html,1
https://www.linkedin.com/secure/signin,0
http://www.hdfcb4nk-login.com/login.html,1
https://www.adobe.com/docs/api/v2,0
https://www.uttaranchaluniversity.ac.in/user/settings,0
https://www.dropbox.com/en/wiki/Artificial_intelligence,0
http://apple.com@malicious-server829.com/suspend,1
http://apple.com@malicious-server913.com/login,1
https://www.icicibank.com/careers/software-engineer,0
http://cutt.ly/amazon484,1
http://microsoft-login-secure.support.xyz/login,1
https://www.bbc.com/careers/software-engineer,0
http://www.microsoftportal.info/home,1
http://paypal.com@malicious-server60.com/account,1
https://www.wikipedia.org,0
https://www.reddit.com/account/orders,0
http://56.118.212.201/microsoft/signin.php,1
https://www.icicibank.com/secure/signin,0
https://www.icicibank.com/account/orders,0
http://microsoft.com@malicious-server556.com/suspend,1
https://www.hdfcbank.com/secure/signin,0
https://www.netflix.com/secure/signin,0
https://www.adobe.com/watch?v=abc123,1
http://www.4pple-login.com/login.html,1
http://apple-suspend-secure.portal.biz/suspend,1
http://apple.com@malicious-server694.com/secure,1
https://www.adobe.com/products/laptop,0
https://www.hdfcbank.com/search?q=weather,0
https://www.google.com/support/login-help,0
https://www.netflix.com/docs/api/v2,0
http://bit.ly/icicibank755,1
https://www.amazon.com/blog/2026/07/release-notes,0
http://bit.ly/amazon890,1
http://microsoft.com@malicious-server340.com/suspend,1
https://www.linkedin.com/secure/signin,0
https://www.netflix.com/careers/software-engineer,0
https://www.amazon.com/en/wiki/Artificial_intelligence,0
https://www.hdfcbank.com/user/settings,0
http://53.72.193.181/apple/secure.php,1
http://cutt.ly/hdfcbank618,1
http://icicibank-signin-secure.support.biz/signin,1
http://www.amazonportal.click/home,1
https://www.uttaranchaluniversity.ac.in/account/verify-email,0
http://www.adobe.com/account/verify-email,0
http://amazon.com@malicious-server309.com/login,1
https://www.reddit.com/docs/api/v2,0
https://www.bbc.com/en/wiki/Artificial_intelligence,0
http://hdfcbank-account-secure.portal.xyz/account,1
https://www.hdfcbankportal.top/home,1
http://microsoft-verify-secure.account.info/verify,1
https://www.nytimes.com,0
https://www.dropbox.com/careers/software-engineer,0
https://www.microsoft.com/search?q=weather,0
https://www.netflixcenter.xyz/home,1
https://www.adobe.com/search?q=weather,0
https://www.linkedin.com/products/laptop,0
https://www.adobe.com/account/verify-email,0
http://goo.gl/netflix919,1
https://www.netflix.com/user/settings,1
http://cutt.ly/hdfcbank338,1
https://www.google.com/careers/software-engineer,0
https://www.linkedin.com/watch?v=abc123,0
https://www.adobe.com/docs/api/v2,0
http://www.stackoverflow.com/account/orders,0
http://paypal-suspend-secure.account.xyz/suspend,1
https://www.irctc.co.in/account/verify-email,0
http://microsoft-secure-secure.portal.top/secure,0
http://netflix-verify-secure.support.biz/verify,1
http://www.hdfcb4nk-secure.com/secure.html,1
http://www.icicibankonline.info/home,1
http://253.175.112.52/icicibank/verify.php,1
http://cutt.ly/icicibank102,1
https://www.apple.com/watch?v=abc123,0
http://www.p4ypal-login.com/login.html,1
https://www.icicibank.com/blog/2026/07/release-notes,0
https://www.amazon.com/watch?v=abc123,0
https://www.dropbox.com/watch?v=abc123,0
https://www.hdfcbank.com,0
https://www.apple.com/en/wiki/Artificial_intelligence,0
http://www.p4ypal-login.com/login.html,1
https://www.netflix.com/products/laptop,1
https://www.amazon.com/en/wiki/Artificial_intelligence,0
https://www.google.com/watch?v=abc123,0
https://www.bbc.com/secure/signin,0
http://www.linkedin.com/blog/2026/07/release-notes,0
https://www.icicibank.com/account/verify-email,0
https://www.amazon.com,0
https://www.icicibank.com/user/settings,0
https://www.icicibank.com/products/laptop,0
http://www.4mazon-confirm.com/confirm.html,1
https://www.microsoft.com/secure/signin,0
http://icicibank.com@malicious-server184.com/suspend,1
https://www.amazonhub.ru/home,1
http://goo.gl/icicibank104,1
http://www.netflix1-update.com/update.html,1
https://www.reddit.com/account/orders,0
https://www.spotify.com/secure/signin,0
http://www.paypalhub.tk/home,1
https://www.hdfcbank.com/careers/software-engineer,0
https://www.bbc.com/docs/api/v2,0
https://www.microsoft.com/careers/software-engineer,0
http://apple.com@malicious-server84.com/account,1
https://www.amazon.com,0
http://amazon.com@malicious-server754.com/update,1
http://www.amazon.com/search?q=weather,0
https://www.icicibank.com/products/laptop,0
http://www.hdfcb4nk-signin.com/signin.html,1
https://www.linkedin.com/user/settings,0
https://www.hdfcbankonline.info/home,1
https://www.uttaranchaluniversity.ac.in/products/laptop,1
http://www.wikipedia.org,0
https://www.uttaranchaluniversity.ac.in/blog/2026/07/release-notes,0
http://microsoft-signin-secure.portal.ru/signin,1
http://icicibank.com@malicious-server374.com/confirm,1
https://www.reddit.com/account/login,0
https://www.icicibank.com/products/laptop,0
http://microsoft-confirm-secure.account.biz/confirm,1
http://icicibank.com@malicious-server694.com/account,1
http://cutt.ly/paypal591,1
https://www.google.com,0
http://cutt.ly/paypal454,1
http://231.155.139.212/icicibank/update.php,1
https://www.reddit.com/user/update-profile,0
https://www.irctc.co.in/account/confirm-signup,0
https://www.github.com,0
http://amazon.com@malicious-server858.com/secure,1
https://www.bbc.com,0
http://www.paypalhub.top/home,1
http://paypal-secure-secure.portal.biz/secure,1
http://apple-verify-secure.support.tk/verify,1
https://www.spotify.com/account/orders,0
http://www.microsoftcenter.tk/home,1
http://apple-verify-secure.support.top/verify,1
https://www.uttaranchaluniversity.ac.in,0
http://microsoft-account-secure.portal.top/account,1
https://www.reddit.com/user/update-profile,0
http://icicibank-update-secure.support.info/update,1
https://www.github.com/user/update-profile,0
https://www.bbc.com/secure/signin,0
http://t.co/amazon408,1
http://hdfcbank.com@malicious-server834.com/secure,1
https://www.netflix.com/careers/software-engineer,0
http://paypal.com@malicious-server212.com/login,1
http://apple-verify-secure.account.tk/verify,1
http://goo.gl/netflix426,1
http://170.82.175.36/microsoft/signin.php,1
https://www.wikipedia.org/search?q=weather,0
https://www.spotify.com/docs/api/v2,0
http://goo.gl/apple315,1
http://www.microsoft1-suspend.com/suspend.html,1
http://apple-update-secure.support.info/update,1
http://apple.com@malicious-server976.com/login,1
http://icicibank-suspend-secure.account.click/suspend,1
http://microsoft.com@malicious-server730.com/secure,1
http://netflix.com@malicious-server526.com/signin,1
http://105.130.28.144/netflix/update.php,1
http://tinyurl.com/netflix931,1
https://www.dropbox.com,0
http://www.amazoncenter.tk/home,1
https://www.dropbox.com/user/settings,0
http://190.67.186.207/icicibank/update.php,0
http://netflix-confirm-secure.portal.top/confirm,1
http://www.dropbox.com,0
http://33.147.152.42/amazon/login.php,1
http://microsoft.com@malicious-server873.com/login,1
http://www.amazononline.tk/home,1
http://www.p4ypal-confirm.com/confirm.html,1
http://icicibank.com@malicious-server116.com/signin,1
https://www.hdfcbank.com/search?q=weather,0
https://www.spotify.com/products/laptop,0
https://www.amazon.com/watch?v=abc123,0
http://www.appleportal.ru/home,1
https://www.reddit.com/account/verify-email,0
https://www.reddit.com/search?q=weather,0
http://www.microsoft1-secure.com/secure.html,1
https://www.uttaranchaluniversity.ac.in/blog/2026/07/release-notes,0
https://www.amazon.com/products/laptop,0
https://www.bbc.com/blog/2026/07/release-notes,0
http://paypal-secure-secure.portal.biz/secure,1
http://www.microsoftservices.ru/home,1
https://www.github.com/products/laptop,0
https://www.dropbox.com/products/laptop,0
https://www.hdfcbank.com/secure/signin,0
https://www.uttaranchaluniversity.ac.in,0
https://www.icicibank.com/careers/software-engineer,0
https://www.applecenter.top/home,1
http://netflix-suspend-secure.portal.tk/suspend,1
https://www.github.com/account/verify-email,0
https://www.adobe.com/account/orders,0
http://134.108.95.224/microsoft/signin.php,1
http://t.co/paypal770,1
http://www.dropbox.com/watch?v=abc123,0
https://www.microsoft.com/account/verify-email,0
https://www.google.com/account/orders,0
http://hdfcbank-secure-secure.account.tk/secure,1
